Month,State,Clients
2017-07-01,NSW,22019.0
2017-08-01,NSW,22123.0
2017-09-01,NSW,22039.0
2017-10-01,NSW,22115.0
2017-11-01,NSW,22711.0
2017-12-01,NSW,21187.0
2018-01-01,NSW,22152.0
2018-02-01,NSW,22771.0
2018-03-01,NSW,23297.0
2018-04-01,NSW,22696.0
2018-05-01,NSW,23745.0
2018-06-01,NSW,23412.0
2018-07-01,NSW,23352.0
2018-08-01,NSW,23859.0
2018-09-01,NSW,23138.0
2018-10-01,NSW,23892.0
2018-11-01,NSW,23856.0
2018-12-01,NSW,22359.0
2019-01-01,NSW,23244.0
2019-02-01,NSW,23753.0
2019-03-01,NSW,24155.0
2019-04-01,NSW,23613.0
2019-05-01,NSW,24017.0
2019-06-01,NSW,23361.0
2019-07-01,NSW,23292.0
2019-08-01,NSW,23402.0
2019-09-01,NSW,23204.0
2019-10-01,NSW,23224.0
2019-11-01,NSW,23345.0
2019-12-01,NSW,22065.0
2020-01-01,NSW,23141.0
2020-02-01,NSW,23770.0
2020-03-01,NSW,24037.0
2020-04-01,NSW,22708.0
2020-05-01,NSW,22615.0
2020-06-01,NSW,23063.0
2020-07-01,NSW,22668.0
2020-08-01,NSW,22662.0
2020-09-01,NSW,23618.0
2020-10-01,NSW,23666.0
2020-11-01,NSW,24108.0
2020-12-01,NSW,23201.0
2021-01-01,NSW,23077.0
2021-02-01,NSW,24321.0
2021-03-01,NSW,25093.0
2021-04-01,NSW,24854.0
2021-05-01,NSW,25108.0
2021-06-01,NSW,24717.0
2021-07-01,NSW,24347.0
2021-08-01,NSW,24057.0
2021-09-01,NSW,23897.0
2021-10-01,NSW,23757.0
2021-11-01,NSW,24242.0
2021-12-01,NSW,23147.0
2022-01-01,NSW,22925.0
2022-02-01,NSW,23522.0
2022-03-01,NSW,24229.0
2022-04-01,NSW,23172.0
2022-05-01,NSW,23814.0
2022-06-01,NSW,23706.0
2022-07-01,NSW,22908.0
2022-08-01,NSW,23510.0
2022-09-01,NSW,23123.0
2022-10-01,NSW,23047.0
2022-11-01,NSW,23572.0
2022-12-01,NSW,22452.0
2023-01-01,NSW,22942.0
2023-02-01,NSW,23999.0
2023-03-01,NSW,24792.0
2023-04-01,NSW,23050.0
2023-05-01,NSW,24069.0
2023-06-01,NSW,23673.0
2023-07-01,NSW,23574.0
2023-08-01,NSW,24079.0
2023-09-01,NSW,23617.0
2023-10-01,NSW,23667.0
2023-11-01,NSW,23956.0
2023-12-01,NSW,22753.0
2024-01-01,NSW,23238.0
2024-02-01,NSW,23822.0
2024-03-01,NSW,23938.0
2024-04-01,NSW,24032.0
2024-05-01,NSW,24616.0
2024-06-01,NSW,24024.0
2024-07-01,NSW,24490.0
2024-08-01,NSW,24036.0
2024-09-01,NSW,23855.0
2024-10-01,NSW,24176.0
2024-11-01,NSW,23936.0
2024-12-01,NSW,22688.0
2025-01-01,NSW,23044.0
2025-02-01,NSW,23841.0
2025-03-01,NSW,24407.0
2025-04-01,NSW,23867.0
2025-05-01,NSW,24464.0
2025-06-01,NSW,24205.0
2025-07-01,NSW,24002.0
2025-08-01,NSW,23700.0
2025-09-01,NSW,23976.0
2025-10-01,NSW,23951.0
2025-11-01,NSW,23235.0
2025-12-01,NSW,22451.0
2026-01-01,NSW,22653.0
2026-02-01,NSW,23178.0
2026-03-01,NSW,23755.0
2017-07-01,Vic,30511.0
2017-08-01,Vic,31526.0
2017-09-01,Vic,30538.0
2017-10-01,Vic,31564.0
2017-11-01,Vic,31732.0
2017-12-01,Vic,30767.0
2018-01-01,Vic,32007.0
2018-02-01,Vic,32126.0
2018-03-01,Vic,32966.0
2018-04-01,Vic,32834.0
2018-05-01,Vic,34338.0
2018-06-01,Vic,32804.0
2018-07-01,Vic,33003.0
2018-08-01,Vic,32601.0
2018-09-01,Vic,31081.0
2018-10-01,Vic,32738.0
2018-11-01,Vic,32834.0
2018-12-01,Vic,31626.0
2019-01-01,Vic,32397.0
2019-02-01,Vic,33139.0
2019-03-01,Vic,33515.0
2019-04-01,Vic,32752.0
2019-05-01,Vic,34310.0
2019-06-01,Vic,32761.0
2019-07-01,Vic,33474.0
2019-08-01,Vic,33482.0
2019-09-01,Vic,32679.0
2019-10-01,Vic,34011.0
2019-11-01,Vic,33239.0
2019-12-01,Vic,33311.0
2020-01-01,Vic,34049.0
2020-02-01,Vic,33814.0
2020-03-01,Vic,34067.0
2020-04-01,Vic,33195.0
2020-05-01,Vic,33007.0
2020-06-01,Vic,33274.0
2020-07-01,Vic,33086.0
2020-08-01,Vic,32786.0
2020-09-01,Vic,33661.0
2020-10-01,Vic,33352.0
2020-11-01,Vic,33575.0
2020-12-01,Vic,32621.0
2021-01-01,Vic,31797.0
2021-02-01,Vic,32399.0
2021-03-01,Vic,32905.0
2021-04-01,Vic,32618.0
2021-05-01,Vic,33787.0
2021-06-01,Vic,34098.0
2021-07-01,Vic,34166.0
2021-08-01,Vic,34152.0
2021-09-01,Vic,33717.0
2021-10-01,Vic,33681.0
2021-11-01,Vic,33382.0
2021-12-01,Vic,32286.0
2022-01-01,Vic,31613.0
2022-02-01,Vic,32478.0
2022-03-01,Vic,33117.0
2022-04-01,Vic,31258.0
2022-05-01,Vic,32698.0
2022-06-01,Vic,32535.0
2022-07-01,Vic,31755.0
2022-08-01,Vic,32676.0
2022-09-01,Vic,32194.0
2022-10-01,Vic,32108.0
2022-11-01,Vic,32080.0
2022-12-01,Vic,31099.0
2023-01-01,Vic,31334.0
2023-02-01,Vic,32087.0
2023-03-01,Vic,32776.0
2023-04-01,Vic,31233.0
2023-05-01,Vic,33269.0
2023-06-01,Vic,32674.0
2023-07-01,Vic,31901.0
2023-08-01,Vic,33010.0
2023-09-01,Vic,31662.0
2023-10-01,Vic,32520.0
2023-11-01,Vic,32632.0
2023-12-01,Vic,31307.0
2024-01-01,Vic,32418.0
2024-02-01,Vic,33028.0
2024-03-01,Vic,32727.0
2024-04-01,Vic,32755.0
2024-05-01,Vic,33457.0
2024-06-01,Vic,32519.0
2024-07-01,Vic,32812.0
2024-08-01,Vic,32375.0
2024-09-01,Vic,32359.0
2024-10-01,Vic,33097.0
2024-11-01,Vic,32360.0
2024-12-01,Vic,32145.0
2025-01-01,Vic,32740.0
2025-02-01,Vic,33305.0
2025-03-01,Vic,33823.0
2025-04-01,Vic,33216.0
2025-05-01,Vic,34058.0
2025-06-01,Vic,33496.0
2025-07-01,Vic,33471.0
2025-08-01,Vic,32719.0
2025-09-01,Vic,32650.0
2025-10-01,Vic,32781.0
2025-11-01,Vic,31732.0
2025-12-01,Vic,31652.0
2026-01-01,Vic,31876.0
2026-02-01,Vic,32959.0
2026-03-01,Vic,33727.0
2017-07-01,Qld,10650.0
2017-08-01,Qld,11005.0
2017-09-01,Qld,10917.0
2017-10-01,Qld,10825.0
2017-11-01,Qld,11049.0
2017-12-01,Qld,10374.0
2018-01-01,Qld,11386.0
2018-02-01,Qld,11509.0
2018-03-01,Qld,11855.0
2018-04-01,Qld,11900.0
2018-05-01,Qld,12162.0
2018-06-01,Qld,11881.0
2018-07-01,Qld,11687.0
2018-08-01,Qld,12068.0
2018-09-01,Qld,12007.0
2018-10-01,Qld,12610.0
2018-11-01,Qld,12437.0
2018-12-01,Qld,11712.0
2019-01-01,Qld,12808.0
2019-02-01,Qld,12508.0
2019-03-01,Qld,12766.0
2019-04-01,Qld,12454.0
2019-05-01,Qld,12680.0
2019-06-01,Qld,12225.0
2019-07-01,Qld,12074.0
2019-08-01,Qld,11969.0
2019-09-01,Qld,11951.0
2019-10-01,Qld,12169.0
2019-11-01,Qld,12249.0
2019-12-01,Qld,11734.0
2020-01-01,Qld,12819.0
2020-02-01,Qld,13219.0
2020-03-01,Qld,12745.0
2020-04-01,Qld,12211.0
2020-05-01,Qld,12229.0
2020-06-01,Qld,12590.0
2020-07-01,Qld,12410.0
2020-08-01,Qld,12551.0
2020-09-01,Qld,13105.0
2020-10-01,Qld,12969.0
2020-11-01,Qld,12852.0
2020-12-01,Qld,12324.0
2021-01-01,Qld,12577.0
2021-02-01,Qld,12989.0
2021-03-01,Qld,13556.0
2021-04-01,Qld,13260.0
2021-05-01,Qld,13640.0
2021-06-01,Qld,13962.0
2021-07-01,Qld,13688.0
2021-08-01,Qld,13813.0
2021-09-01,Qld,13695.0
2021-10-01,Qld,13751.0
2021-11-01,Qld,14133.0
2021-12-01,Qld,13367.0
2022-01-01,Qld,13329.0
2022-02-01,Qld,13651.0
2022-03-01,Qld,14254.0
2022-04-01,Qld,13491.0
2022-05-01,Qld,13754.0
2022-06-01,Qld,13943.0
2022-07-01,Qld,13618.0
2022-08-01,Qld,14218.0
2022-09-01,Qld,14382.0
2022-10-01,Qld,14633.0
2022-11-01,Qld,14897.0
2022-12-01,Qld,14375.0
2023-01-01,Qld,15429.0
2023-02-01,Qld,15788.0
2023-03-01,Qld,16252.0
2023-04-01,Qld,15409.0
2023-05-01,Qld,16081.0
2023-06-01,Qld,15723.0
2023-07-01,Qld,15566.0
2023-08-01,Qld,16314.0
2023-09-01,Qld,15941.0
2023-10-01,Qld,16222.0
2023-11-01,Qld,16156.0
2023-12-01,Qld,15388.0
2024-01-01,Qld,16123.0
2024-02-01,Qld,16798.0
2024-03-01,Qld,16805.0
2024-04-01,Qld,16946.0
2024-05-01,Qld,17962.0
2024-06-01,Qld,17961.0
2024-07-01,Qld,18601.0
2024-08-01,Qld,18978.0
2024-09-01,Qld,19135.0
2024-10-01,Qld,19787.0
2024-11-01,Qld,19849.0
2024-12-01,Qld,19239.0
2025-01-01,Qld,20092.0
2025-02-01,Qld,20300.0
2025-03-01,Qld,20423.0
2025-04-01,Qld,20091.0
2025-05-01,Qld,20114.0
2025-06-01,Qld,19864.0
2025-07-01,Qld,19982.0
2025-08-01,Qld,19676.0
2025-09-01,Qld,19859.0
2025-10-01,Qld,20079.0
2025-11-01,Qld,19641.0
2025-12-01,Qld,18955.0
2026-01-01,Qld,19231.0
2026-02-01,Qld,19574.0
2026-03-01,Qld,20124.0
2017-07-01,WA,5932.0
2017-08-01,WA,5988.0
2017-09-01,WA,5736.0
2017-10-01,WA,6102.0
2017-11-01,WA,6043.0
2017-12-01,WA,5775.0
2018-01-01,WA,6074.0
2018-02-01,WA,6087.0
2018-03-01,WA,6164.0
2018-04-01,WA,5818.0
2018-05-01,WA,5927.0
2018-06-01,WA,5902.0
2018-07-01,WA,6052.0
2018-08-01,WA,6110.0
2018-09-01,WA,5892.0
2018-10-01,WA,6397.0
2018-11-01,WA,6212.0
2018-12-01,WA,6202.0
2019-01-01,WA,6697.0
2019-02-01,WA,6551.0
2019-03-01,WA,6861.0
2019-04-01,WA,6569.0
2019-05-01,WA,6851.0
2019-06-01,WA,6510.0
2019-07-01,WA,6587.0
2019-08-01,WA,6644.0
2019-09-01,WA,6304.0
2019-10-01,WA,6514.0
2019-11-01,WA,6585.0
2019-12-01,WA,6338.0
2020-01-01,WA,6403.0
2020-02-01,WA,6288.0
2020-03-01,WA,6214.0
2020-04-01,WA,5490.0
2020-05-01,WA,5761.0
2020-06-01,WA,6065.0
2020-07-01,WA,6037.0
2020-08-01,WA,6046.0
2020-09-01,WA,6371.0
2020-10-01,WA,6754.0
2020-11-01,WA,6653.0
2020-12-01,WA,6583.0
2021-01-01,WA,6730.0
2021-02-01,WA,6624.0
2021-03-01,WA,7222.0
2021-04-01,WA,6831.0
2021-05-01,WA,6987.0
2021-06-01,WA,7005.0
2021-07-01,WA,6850.0
2021-08-01,WA,6875.0
2021-09-01,WA,7025.0
2021-10-01,WA,7123.0
2021-11-01,WA,7076.0
2021-12-01,WA,6751.0
2022-01-01,WA,6635.0
2022-02-01,WA,6530.0
2022-03-01,WA,6907.0
2022-04-01,WA,6325.0
2022-05-01,WA,6687.0
2022-06-01,WA,6733.0
2022-07-01,WA,6636.0
2022-08-01,WA,6886.0
2022-09-01,WA,6782.0
2022-10-01,WA,6901.0
2022-11-01,WA,7073.0
2022-12-01,WA,6786.0
2023-01-01,WA,6825.0
2023-02-01,WA,7231.0
2023-03-01,WA,7545.0
2023-04-01,WA,7062.0
2023-05-01,WA,7464.0
2023-06-01,WA,7554.0
2023-07-01,WA,7529.0
2023-08-01,WA,7921.0
2023-09-01,WA,7631.0
2023-10-01,WA,7747.0
2023-11-01,WA,7782.0
2023-12-01,WA,7511.0
2024-01-01,WA,7632.0
2024-02-01,WA,7829.0
2024-03-01,WA,7640.0
2024-04-01,WA,7861.0
2024-05-01,WA,7953.0
2024-06-01,WA,7775.0
2024-07-01,WA,7815.0
2024-08-01,WA,8146.0
2024-09-01,WA,7912.0
2024-10-01,WA,7983.0
2024-11-01,WA,7940.0
2024-12-01,WA,7725.0
2025-01-01,WA,7980.0
2025-02-01,WA,7958.0
2025-03-01,WA,8014.0
2025-04-01,WA,7825.0
2025-05-01,WA,8004.0
2025-06-01,WA,7911.0
2025-07-01,WA,7986.0
2025-08-01,WA,7755.0
2025-09-01,WA,7815.0
2025-10-01,WA,8036.0
2025-11-01,WA,7740.0
2025-12-01,WA,7531.0
2026-01-01,WA,7702.0
2026-02-01,WA,7782.0
2026-03-01,WA,7898.0
2017-07-01,SA,6308.0
2017-08-01,SA,6365.0
2017-09-01,SA,6312.0
2017-10-01,SA,6281.0
2017-11-01,SA,6400.0
2017-12-01,SA,5953.0
2018-01-01,SA,6291.0
2018-02-01,SA,6442.0
2018-03-01,SA,6595.0
2018-04-01,SA,6335.0
2018-05-01,SA,6616.0
2018-06-01,SA,6334.0
2018-07-01,SA,6288.0
2018-08-01,SA,6242.0
2018-09-01,SA,6314.0
2018-10-01,SA,6543.0
2018-11-01,SA,6618.0
2018-12-01,SA,6020.0
2019-01-01,SA,6451.0
2019-02-01,SA,6514.0
2019-03-01,SA,6676.0
2019-04-01,SA,6298.0
2019-05-01,SA,6638.0
2019-06-01,SA,6155.0
2019-07-01,SA,6344.0
2019-08-01,SA,6321.0
2019-09-01,SA,6393.0
2019-10-01,SA,6434.0
2019-11-01,SA,6197.0
2019-12-01,SA,6159.0
2020-01-01,SA,6196.0
2020-02-01,SA,6205.0
2020-03-01,SA,6481.0
2020-04-01,SA,6351.0
2020-05-01,SA,6447.0
2020-06-01,SA,6635.0
2020-07-01,SA,6636.0
2020-08-01,SA,6485.0
2020-09-01,SA,6650.0
2020-10-01,SA,6479.0
2020-11-01,SA,6358.0
2020-12-01,SA,6285.0
2021-01-01,SA,5961.0
2021-02-01,SA,6359.0
2021-03-01,SA,6736.0
2021-04-01,SA,6350.0
2021-05-01,SA,6532.0
2021-06-01,SA,6360.0
2021-07-01,SA,5225.0
2021-08-01,SA,6125.0
2021-09-01,SA,6357.0
2021-10-01,SA,6543.0
2021-11-01,SA,6736.0
2021-12-01,SA,6301.0
2022-01-01,SA,6236.0
2022-02-01,SA,6348.0
2022-03-01,SA,6690.0
2022-04-01,SA,6062.0
2022-05-01,SA,6581.0
2022-06-01,SA,6861.0
2022-07-01,SA,6844.0
2022-08-01,SA,6987.0
2022-09-01,SA,7088.0
2022-10-01,SA,6898.0
2022-11-01,SA,6804.0
2022-12-01,SA,6670.0
2023-01-01,SA,6886.0
2023-02-01,SA,7143.0
2023-03-01,SA,7147.0
2023-04-01,SA,6756.0
2023-05-01,SA,7249.0
2023-06-01,SA,7177.0
2023-07-01,SA,6906.0
2023-08-01,SA,7217.0
2023-09-01,SA,6934.0
2023-10-01,SA,7130.0
2023-11-01,SA,7034.0
2023-12-01,SA,6526.0
2024-01-01,SA,6640.0
2024-02-01,SA,7002.0
2024-03-01,SA,6889.0
2024-04-01,SA,6978.0
2024-05-01,SA,7019.0
2024-06-01,SA,6704.0
2024-07-01,SA,6728.0
2024-08-01,SA,6773.0
2024-09-01,SA,6715.0
2024-10-01,SA,6723.0
2024-11-01,SA,6675.0
2024-12-01,SA,6451.0
2025-01-01,SA,6595.0
2025-02-01,SA,6657.0
2025-03-01,SA,6637.0
2025-04-01,SA,6528.0
2025-05-01,SA,6507.0
2025-06-01,SA,6347.0
2025-07-01,SA,6456.0
2025-08-01,SA,6002.0
2025-09-01,SA,6088.0
2025-10-01,SA,6174.0
2025-11-01,SA,6162.0
2025-12-01,SA,6145.0
2026-01-01,SA,5947.0
2026-02-01,SA,6011.0
2026-03-01,SA,6170.0
2017-07-01,Tas,2270.0
2017-08-01,Tas,2296.0
2017-09-01,Tas,2198.0
2017-10-01,Tas,2219.0
2017-11-01,Tas,2204.0
2017-12-01,Tas,2162.0
2018-01-01,Tas,2278.0
2018-02-01,Tas,2274.0
2018-03-01,Tas,2219.0
2018-04-01,Tas,2181.0
2018-05-01,Tas,2221.0
2018-06-01,Tas,2173.0
2018-07-01,Tas,2171.0
2018-08-01,Tas,2247.0
2018-09-01,Tas,2289.0
2018-10-01,Tas,2339.0
2018-11-01,Tas,2376.0
2018-12-01,Tas,2218.0
2019-01-01,Tas,2413.0
2019-02-01,Tas,2470.0
2019-03-01,Tas,2516.0
2019-04-01,Tas,2427.0
2019-05-01,Tas,2529.0
2019-06-01,Tas,2411.0
2019-07-01,Tas,2483.0
2019-08-01,Tas,2474.0
2019-09-01,Tas,2408.0
2019-10-01,Tas,2392.0
2019-11-01,Tas,2369.0
2019-12-01,Tas,2341.0
2020-01-01,Tas,2422.0
2020-02-01,Tas,2400.0
2020-03-01,Tas,2435.0
2020-04-01,Tas,2301.0
2020-05-01,Tas,2297.0
2020-06-01,Tas,2305.0
2020-07-01,Tas,2282.0
2020-08-01,Tas,2352.0
2020-09-01,Tas,2401.0
2020-10-01,Tas,2408.0
2020-11-01,Tas,2508.0
2020-12-01,Tas,2510.0
2021-01-01,Tas,2537.0
2021-02-01,Tas,2600.0
2021-03-01,Tas,2658.0
2021-04-01,Tas,2530.0
2021-05-01,Tas,2624.0
2021-06-01,Tas,2665.0
2021-07-01,Tas,2671.0
2021-08-01,Tas,2728.0
2021-09-01,Tas,2694.0
2021-10-01,Tas,2715.0
2021-11-01,Tas,2719.0
2021-12-01,Tas,2696.0
2022-01-01,Tas,2697.0
2022-02-01,Tas,2789.0
2022-03-01,Tas,2910.0
2022-04-01,Tas,2809.0
2022-05-01,Tas,2860.0
2022-06-01,Tas,2768.0
2022-07-01,Tas,2710.0
2022-08-01,Tas,2780.0
2022-09-01,Tas,2821.0
2022-10-01,Tas,2817.0
2022-11-01,Tas,2818.0
2022-12-01,Tas,2655.0
2023-01-01,Tas,2595.0
2023-02-01,Tas,2591.0
2023-03-01,Tas,2690.0
2023-04-01,Tas,2560.0
2023-05-01,Tas,2625.0
2023-06-01,Tas,2568.0
2023-07-01,Tas,2627.0
2023-08-01,Tas,2710.0
2023-09-01,Tas,2699.0
2023-10-01,Tas,2736.0
2023-11-01,Tas,2623.0
2023-12-01,Tas,2570.0
2024-01-01,Tas,2620.0
2024-02-01,Tas,2714.0
2024-03-01,Tas,2720.0
2024-04-01,Tas,2695.0
2024-05-01,Tas,2634.0
2024-06-01,Tas,2397.0
2024-07-01,Tas,2458.0
2024-08-01,Tas,2353.0
2024-09-01,Tas,2316.0
2024-10-01,Tas,2338.0
2024-11-01,Tas,2344.0
2024-12-01,Tas,2432.0
2025-01-01,Tas,2517.0
2025-02-01,Tas,2424.0
2025-03-01,Tas,2340.0
2025-04-01,Tas,2205.0
2025-05-01,Tas,2323.0
2025-06-01,Tas,2351.0
2025-07-01,Tas,2391.0
2025-08-01,Tas,2483.0
2025-09-01,Tas,2588.0
2025-10-01,Tas,2557.0
2025-11-01,Tas,2546.0
2025-12-01,Tas,2559.0
2026-01-01,Tas,2587.0
2026-02-01,Tas,2606.0
2026-03-01,Tas,2728.0
2017-07-01,ACT,1606.0
2017-08-01,ACT,1653.0
2017-09-01,ACT,1568.0
2017-10-01,ACT,1616.0
2017-11-01,ACT,1637.0
2017-12-01,ACT,1586.0
2018-01-01,ACT,1680.0
2018-02-01,ACT,1663.0
2018-03-01,ACT,1654.0
2018-04-01,ACT,1635.0
2018-05-01,ACT,1659.0
2018-06-01,ACT,1590.0
2018-07-01,ACT,1597.0
2018-08-01,ACT,1642.0
2018-09-01,ACT,1611.0
2018-10-01,ACT,1587.0
2018-11-01,ACT,1629.0
2018-12-01,ACT,1565.0
2019-01-01,ACT,1657.0
2019-02-01,ACT,1696.0
2019-03-01,ACT,1641.0
2019-04-01,ACT,1601.0
2019-05-01,ACT,1643.0
2019-06-01,ACT,1564.0
2019-07-01,ACT,1612.0
2019-08-01,ACT,1683.0
2019-09-01,ACT,1651.0
2019-10-01,ACT,1735.0
2019-11-01,ACT,1736.0
2019-12-01,ACT,1685.0
2020-01-01,ACT,1796.0
2020-02-01,ACT,1803.0
2020-03-01,ACT,1895.0
2020-04-01,ACT,1911.0
2020-05-01,ACT,1945.0
2020-06-01,ACT,1961.0
2020-07-01,ACT,1915.0
2020-08-01,ACT,1872.0
2020-09-01,ACT,1907.0
2020-10-01,ACT,1889.0
2020-11-01,ACT,1856.0
2020-12-01,ACT,1811.0
2021-01-01,ACT,1851.0
2021-02-01,ACT,1892.0
2021-03-01,ACT,1894.0
2021-04-01,ACT,1850.0
2021-05-01,ACT,1815.0
2021-06-01,ACT,1826.0
2021-07-01,ACT,1820.0
2021-08-01,ACT,1838.0
2021-09-01,ACT,1912.0
2021-10-01,ACT,1963.0
2021-11-01,ACT,1978.0
2021-12-01,ACT,1891.0
2022-01-01,ACT,1884.0
2022-02-01,ACT,1878.0
2022-03-01,ACT,1919.0
2022-04-01,ACT,1857.0
2022-05-01,ACT,1901.0
2022-06-01,ACT,1926.0
2022-07-01,ACT,1982.0
2022-08-01,ACT,2011.0
2022-09-01,ACT,2016.0
2022-10-01,ACT,2007.0
2022-11-01,ACT,2065.0
2022-12-01,ACT,1978.0
2023-01-01,ACT,1979.0
2023-02-01,ACT,1931.0
2023-03-01,ACT,1954.0
2023-04-01,ACT,1886.0
2023-05-01,ACT,1948.0
2023-06-01,ACT,1928.0
2023-07-01,ACT,1924.0
2023-08-01,ACT,1957.0
2023-09-01,ACT,1921.0
2023-10-01,ACT,1943.0
2023-11-01,ACT,1881.0
2023-12-01,ACT,1789.0
2024-01-01,ACT,1849.0
2024-02-01,ACT,1897.0
2024-03-01,ACT,1914.0
2024-04-01,ACT,1879.0
2024-05-01,ACT,1959.0
2024-06-01,ACT,1897.0
2024-07-01,ACT,1864.0
2024-08-01,ACT,1807.0
2024-09-01,ACT,1825.0
2024-10-01,ACT,1842.0
2024-11-01,ACT,1840.0
2024-12-01,ACT,1835.0
2025-01-01,ACT,1897.0
2025-02-01,ACT,1931.0
2025-03-01,ACT,1969.0
2025-04-01,ACT,1959.0
2025-05-01,ACT,2011.0
2025-06-01,ACT,2003.0
2025-07-01,ACT,2027.0
2025-08-01,ACT,1968.0
2025-09-01,ACT,1969.0
2025-10-01,ACT,2006.0
2025-11-01,ACT,2030.0
2025-12-01,ACT,2023.0
2026-01-01,ACT,2005.0
2026-02-01,ACT,2040.0
2026-03-01,ACT,2036.0
2017-07-01,NT,2895.0
2017-08-01,NT,2957.0
2017-09-01,NT,2919.0
2017-10-01,NT,3137.0
2017-11-01,NT,3215.0
2017-12-01,NT,3142.0
2018-01-01,NT,3196.0
2018-02-01,NT,2965.0
2018-03-01,NT,3003.0
2018-04-01,NT,3029.0
2018-05-01,NT,3046.0
2018-06-01,NT,3063.0
2018-07-01,NT,2989.0
2018-08-01,NT,3199.0
2018-09-01,NT,3124.0
2018-10-01,NT,3223.0
2018-11-01,NT,3259.0
2018-12-01,NT,3060.0
2019-01-01,NT,3232.0
2019-02-01,NT,3137.0
2019-03-01,NT,3298.0
2019-04-01,NT,3126.0
2019-05-01,NT,3223.0
2019-06-01,NT,3143.0
2019-07-01,NT,3174.0
2019-08-01,NT,3117.0
2019-09-01,NT,3208.0
2019-10-01,NT,3372.0
2019-11-01,NT,3271.0
2019-12-01,NT,3111.0
2020-01-01,NT,3110.0
2020-02-01,NT,3210.0
2020-03-01,NT,3246.0
2020-04-01,NT,3199.0
2020-05-01,NT,3178.0
2020-06-01,NT,3091.0
2020-07-01,NT,2952.0
2020-08-01,NT,2999.0
2020-09-01,NT,3196.0
2020-10-01,NT,3254.0
2020-11-01,NT,3372.0
2020-12-01,NT,3274.0
2021-01-01,NT,3424.0
2021-02-01,NT,3312.0
2021-03-01,NT,3526.0
2021-04-01,NT,3398.0
2021-05-01,NT,3393.0
2021-06-01,NT,3470.0
2021-07-01,NT,3493.0
2021-08-01,NT,3407.0
2021-09-01,NT,3641.0
2021-10-01,NT,3651.0
2021-11-01,NT,3527.0
2021-12-01,NT,3329.0
2022-01-01,NT,2980.0
2022-02-01,NT,2961.0
2022-03-01,NT,3311.0
2022-04-01,NT,3220.0
2022-05-01,NT,3460.0
2022-06-01,NT,3333.0
2022-07-01,NT,3106.0
2022-08-01,NT,3231.0
2022-09-01,NT,3222.0
2022-10-01,NT,3302.0
2022-11-01,NT,3436.0
2022-12-01,NT,3315.0
2023-01-01,NT,3266.0
2023-02-01,NT,3238.0
2023-03-01,NT,3218.0
2023-04-01,NT,3067.0
2023-05-01,NT,3245.0
2023-06-01,NT,3217.0
2023-07-01,NT,3216.0
2023-08-01,NT,3337.0
2023-09-01,NT,3319.0
2023-10-01,NT,3357.0
2023-11-01,NT,3273.0
2023-12-01,NT,3147.0
2024-01-01,NT,3231.0
2024-02-01,NT,3349.0
2024-03-01,NT,3262.0
2024-04-01,NT,3291.0
2024-05-01,NT,3257.0
2024-06-01,NT,3128.0
2024-07-01,NT,3194.0
2024-08-01,NT,3338.0
2024-09-01,NT,3432.0
2024-10-01,NT,3615.0
2024-11-01,NT,3648.0
2024-12-01,NT,3441.0
2025-01-01,NT,3625.0
2025-02-01,NT,3515.0
2025-03-01,NT,3613.0
2025-04-01,NT,3414.0
2025-05-01,NT,3098.0
2025-06-01,NT,3087.0
2025-07-01,NT,3071.0
2025-08-01,NT,3073.0
2025-09-01,NT,3157.0
2025-10-01,NT,3432.0
2025-11-01,NT,3532.0
2025-12-01,NT,3460.0
2026-01-01,NT,3721.0
2026-02-01,NT,4409.0
2026-03-01,NT,4209.0
